Prebuilt Roles,,,,Custom Roles
Chronicle API Admin,Chronicle API Editor,Chronicle API Viewer,,"SOC Analyst, including refList and dataTable admin"
chronicle.ais.createFeedback,chronicle.ais.createFeedback,chronicle.ais.createFeedback,,chronicle.ais.createFeedback
chronicle.ais.translateUdmQuery,chronicle.ais.translateUdmQuery,chronicle.ais.translateUdmQuery,,chronicle.ais.translateUdmQuery
chronicle.ais.translateYlRule,chronicle.ais.translateYlRule,chronicle.ais.translateYlRule,,chronicle.ais.translateYlRule
chronicle.analyticValues.list,chronicle.analyticValues.list,chronicle.analyticValues.list,,chronicle.analyticValues.list
chronicle.analytics.list,chronicle.analytics.list,chronicle.analytics.list,,chronicle.analytics.list
chronicle.bigQueryAccess.provide,chronicle.bigQueryExport.get,chronicle.bigQueryExport.get,,chronicle.cases.countPriorities
chronicle.bigQueryExport.get,chronicle.cases.countPriorities,chronicle.cases.countPriorities,,chronicle.collectors.get
chronicle.bigQueryExport.provision,chronicle.collectors.get,chronicle.collectors.get,,chronicle.collectors.list
chronicle.bigQueryExport.update,chronicle.collectors.list,chronicle.collectors.list,,chronicle.conversations.create
chronicle.cases.countPriorities,chronicle.conversations.create,chronicle.conversations.get,,chronicle.conversations.get
chronicle.collectors.create,chronicle.conversations.delete,chronicle.conversations.list,,chronicle.conversations.list
chronicle.collectors.delete,chronicle.conversations.get,chronicle.curatedRuleSetCategories.countAllCuratedRuleSetDetections,,chronicle.conversations.update
chronicle.collectors.get,chronicle.conversations.list,chronicle.curatedRuleSetCategories.get,,chronicle.curatedRuleSetCategories.countAllCuratedRuleSetDetections
chronicle.collectors.list,chronicle.conversations.update,chronicle.curatedRuleSetCategories.list,,chronicle.curatedRuleSetCategories.get
chronicle.collectors.update,chronicle.curatedRuleSetCategories.countAllCuratedRuleSetDetections,chronicle.curatedRuleSetDeployments.get,,chronicle.curatedRuleSetCategories.list
chronicle.conversations.create,chronicle.curatedRuleSetCategories.get,chronicle.curatedRuleSetDeployments.list,,chronicle.curatedRuleSetDeployments.get
chronicle.conversations.delete,chronicle.curatedRuleSetCategories.list,chronicle.curatedRuleSets.countCuratedRuleSetDetections,,chronicle.curatedRuleSetDeployments.list
chronicle.conversations.get,chronicle.curatedRuleSetDeployments.batchUpdate,chronicle.curatedRuleSets.get,,chronicle.curatedRuleSets.countCuratedRuleSetDetections
chronicle.conversations.list,chronicle.curatedRuleSetDeployments.get,chronicle.curatedRuleSets.list,,chronicle.curatedRuleSets.get
chronicle.conversations.update,chronicle.curatedRuleSetDeployments.list,chronicle.curatedRules.get,,chronicle.curatedRuleSets.list
chronicle.curatedRuleSetCategories.countAllCuratedRuleSetDetections,chronicle.curatedRuleSetDeployments.update,chronicle.curatedRules.list,,chronicle.curatedRules.get
chronicle.curatedRuleSetCategories.get,chronicle.curatedRuleSets.countCuratedRuleSetDetections,chronicle.dashboardCharts.get,,chronicle.curatedRules.list
chronicle.curatedRuleSetCategories.list,chronicle.curatedRuleSets.get,chronicle.dashboardCharts.list,,chronicle.dashboardCharts.get
chronicle.curatedRuleSetDeployments.batchUpdate,chronicle.curatedRuleSets.list,chronicle.dashboardQueries.execute,,chronicle.dashboardCharts.list
chronicle.curatedRuleSetDeployments.get,chronicle.curatedRules.get,chronicle.dashboardQueries.get,,chronicle.dashboardQueries.execute
chronicle.curatedRuleSetDeployments.list,chronicle.curatedRules.list,chronicle.dashboardQueries.list,,chronicle.dashboardQueries.get
chronicle.curatedRuleSetDeployments.update,chronicle.dashboardCharts.get,chronicle.dashboards.get,,chronicle.dashboardQueries.list
chronicle.curatedRuleSets.countCuratedRuleSetDetections,chronicle.dashboardCharts.list,chronicle.dashboards.list,,chronicle.dashboards.copy
chronicle.curatedRuleSets.get,chronicle.dashboardQueries.execute,chronicle.dashboards.schedule,,chronicle.dashboards.create
chronicle.curatedRuleSets.list,chronicle.dashboardQueries.get,chronicle.dataAccessScopes.list,,chronicle.dashboards.edit
chronicle.curatedRules.get,chronicle.dashboardQueries.list,chronicle.dataExports.fetchLogTypesAvailableForExport,,chronicle.dashboards.get
chronicle.curatedRules.list,chronicle.dashboards.copy,chronicle.dataExports.get,,chronicle.dashboards.list
chronicle.dashboardCharts.get,chronicle.dashboards.create,chronicle.dataTableOperationErrors.get,,chronicle.dashboards.schedule
chronicle.dashboardCharts.list,chronicle.dashboards.delete,chronicle.dataTableRows.bulkGet,,chronicle.dataAccessLabels.get
chronicle.dashboardQueries.execute,chronicle.dashboards.edit,chronicle.dataTableRows.get,,chronicle.dataAccessLabels.list
chronicle.dashboardQueries.get,chronicle.dashboards.get,chronicle.dataTableRows.list,,chronicle.dataAccessScopes.get
chronicle.dashboardQueries.list,chronicle.dashboards.list,chronicle.dataTables.get,,chronicle.dataAccessScopes.list
chronicle.dashboards.copy,chronicle.dashboards.schedule,chronicle.dataTables.list,,chronicle.dataExports.fetchLogTypesAvailableForExport
chronicle.dashboards.create,chronicle.dataAccessScopes.list,chronicle.dataTaps.get,,chronicle.dataExports.get
chronicle.dashboards.delete,chronicle.dataExports.cancel,chronicle.dataTaps.list,,chronicle.dataTableOperationErrors.get
chronicle.dashboards.edit,chronicle.dataExports.create,chronicle.enrichmentControls.get,,chronicle.dataTableRows.asyncBulkCreate
chronicle.dashboards.get,chronicle.dataExports.fetchLogTypesAvailableForExport,chronicle.enrichmentControls.list,,chronicle.dataTableRows.asyncBulkReplace
chronicle.dashboards.list,chronicle.dataExports.get,chronicle.entities.find,,chronicle.dataTableRows.asyncBulkUpdate
chronicle.dashboards.schedule,chronicle.dataTableOperationErrors.get,chronicle.entities.findRelatedEntities,,chronicle.dataTableRows.bulkCreate
chronicle.dataAccessLabels.create,chronicle.dataTableRows.asyncBulkCreate,chronicle.entities.get,,chronicle.dataTableRows.bulkGet
chronicle.dataAccessLabels.delete,chronicle.dataTableRows.asyncBulkReplace,chronicle.entities.list,,chronicle.dataTableRows.bulkReplace
chronicle.dataAccessLabels.get,chronicle.dataTableRows.asyncBulkUpdate,chronicle.entities.queryEntityRiskScoreModifications,,chronicle.dataTableRows.bulkUpdate
chronicle.dataAccessLabels.list,chronicle.dataTableRows.bulkCreate,chronicle.entities.searchEntities,,chronicle.dataTableRows.create
chronicle.dataAccessLabels.update,chronicle.dataTableRows.bulkGet,chronicle.entities.summarize,,chronicle.dataTableRows.delete
chronicle.dataAccessScopes.create,chronicle.dataTableRows.bulkReplace,chronicle.entities.summarizeFromQuery,,chronicle.dataTableRows.get
chronicle.dataAccessScopes.delete,chronicle.dataTableRows.bulkUpdate,chronicle.entityRiskScores.queryEntityRiskScores,,chronicle.dataTableRows.list
chronicle.dataAccessScopes.get,chronicle.dataTableRows.create,chronicle.errorNotificationConfigs.get,,chronicle.dataTableRows.update
chronicle.dataAccessScopes.list,chronicle.dataTableRows.delete,chronicle.errorNotificationConfigs.list,,chronicle.dataTables.bulkCreateDataTableAsync
chronicle.dataAccessScopes.permit,chronicle.dataTableRows.get,chronicle.events.batchGet,,chronicle.dataTables.create
chronicle.dataAccessScopes.update,chronicle.dataTableRows.list,chronicle.events.findUdmFieldValues,,chronicle.dataTables.delete
chronicle.dataExports.cancel,chronicle.dataTableRows.update,chronicle.events.get,,chronicle.dataTables.get
chronicle.dataExports.create,chronicle.dataTables.bulkCreateDataTableAsync,chronicle.events.queryProductSourceStats,,chronicle.dataTables.list
chronicle.dataExports.fetchLogTypesAvailableForExport,chronicle.dataTables.create,chronicle.events.searchRawLogs,,chronicle.dataTables.update
chronicle.dataExports.get,chronicle.dataTables.delete,chronicle.events.udmSearch,,chronicle.dataTaps.get
chronicle.dataTableOperationErrors.get,chronicle.dataTables.get,chronicle.events.validateQuery,,chronicle.dataTaps.list
chronicle.dataTableRows.asyncBulkCreate,chronicle.dataTables.list,chronicle.featuredContentNativeDashboards.get,,chronicle.enrichmentControls.get
chronicle.dataTableRows.asyncBulkReplace,chronicle.dataTables.update,chronicle.featuredContentNativeDashboards.list,,chronicle.enrichmentControls.list
chronicle.dataTableRows.asyncBulkUpdate,chronicle.dataTaps.create,chronicle.featuredContentRules.list,,chronicle.entities.batchCreate
chronicle.dataTableRows.bulkCreate,chronicle.dataTaps.delete,chronicle.featuredContentSearchQueries.get,,chronicle.entities.batchDelete
chronicle.dataTableRows.bulkGet,chronicle.dataTaps.get,chronicle.featuredContentSearchQueries.list,,chronicle.entities.batchValidate
chronicle.dataTableRows.bulkReplace,chronicle.dataTaps.list,chronicle.feedPacks.get,,chronicle.entities.create
chronicle.dataTableRows.bulkUpdate,chronicle.dataTaps.update,chronicle.feedPacks.list,,chronicle.entities.delete
chronicle.dataTableRows.create,chronicle.enrichmentControls.create,chronicle.findingsGraphs.exploreNode,,chronicle.entities.find
chronicle.dataTableRows.delete,chronicle.enrichmentControls.get,chronicle.findingsGraphs.initializeGraph,,chronicle.entities.findRelatedEntities
chronicle.dataTableRows.get,chronicle.enrichmentControls.list,chronicle.findingsRefinementDeployments.get,,chronicle.entities.get
chronicle.dataTableRows.list,chronicle.entities.batchCreate,chronicle.findingsRefinementDeployments.list,,chronicle.entities.import
chronicle.dataTableRows.update,chronicle.entities.batchDelete,chronicle.findingsRefinements.computeActivity,,chronicle.entities.list
chronicle.dataTables.bulkCreateDataTableAsync,chronicle.entities.batchValidate,chronicle.findingsRefinements.computeAllActivities,,chronicle.entities.modifyEntityRiskScore
chronicle.dataTables.create,chronicle.entities.create,chronicle.findingsRefinements.get,,chronicle.entities.queryEntityRiskScoreModifications
chronicle.dataTables.delete,chronicle.entities.delete,chronicle.findingsRefinements.list,,chronicle.entities.searchEntities
chronicle.dataTables.get,chronicle.entities.find,chronicle.findingsRefinements.test,,chronicle.entities.summarize
chronicle.dataTables.list,chronicle.entities.findRelatedEntities,chronicle.forwarders.generate,,chronicle.entities.summarizeFromQuery
chronicle.dataTables.update,chronicle.entities.get,chronicle.forwarders.get,,chronicle.entityRiskScores.queryEntityRiskScores
chronicle.dataTaps.create,chronicle.entities.import,chronicle.forwarders.list,,chronicle.errorNotificationConfigs.get
chronicle.dataTaps.delete,chronicle.entities.list,chronicle.globalDataAccessScopes.permit,,chronicle.errorNotificationConfigs.list
chronicle.dataTaps.get,chronicle.entities.modifyEntityRiskScore,chronicle.ingestionLogLabels.get,,chronicle.events.batchGet
chronicle.dataTaps.list,chronicle.entities.queryEntityRiskScoreModifications,chronicle.ingestionLogLabels.list,,chronicle.events.findUdmFieldValues
chronicle.dataTaps.update,chronicle.entities.searchEntities,chronicle.ingestionLogNamespaces.get,,chronicle.events.get
chronicle.enrichmentControls.create,chronicle.entities.summarize,chronicle.ingestionLogNamespaces.list,,chronicle.events.queryProductSourceStats
chronicle.enrichmentControls.delete,chronicle.entities.summarizeFromQuery,chronicle.instances.generateCollectionAgentAuth,,chronicle.events.searchRawLogs
chronicle.enrichmentControls.get,chronicle.entityRiskScores.queryEntityRiskScores,chronicle.instances.generateSoarAuthJwt,,chronicle.events.udmSearch
chronicle.enrichmentControls.list,chronicle.errorNotificationConfigs.get,chronicle.instances.get,,chronicle.events.validateQuery
chronicle.entities.batchCreate,chronicle.errorNotificationConfigs.list,chronicle.instances.logTypeClassifier,,chronicle.extensionValidationReports.get
chronicle.entities.batchDelete,chronicle.events.batchGet,chronicle.instances.report,,chronicle.extensionValidationReports.list
chronicle.entities.batchValidate,chronicle.events.findUdmFieldValues,chronicle.iocAssociations.batchGet,,chronicle.featuredContentNativeDashboards.get
chronicle.entities.create,chronicle.events.get,chronicle.iocAssociations.fetchRelatedIocAssociations,,chronicle.featuredContentNativeDashboards.install
chronicle.entities.delete,chronicle.events.import,chronicle.iocAssociations.fetchRelatedThreatCollections,,chronicle.featuredContentNativeDashboards.list
chronicle.entities.find,chronicle.events.queryProductSourceStats,chronicle.iocAssociations.get,,chronicle.featuredContentRules.list
chronicle.entities.findRelatedEntities,chronicle.events.searchRawLogs,chronicle.iocMatches.get,,chronicle.featuredContentSearchQueries.get
chronicle.entities.get,chronicle.events.udmSearch,chronicle.iocMatches.list,,chronicle.featuredContentSearchQueries.install
chronicle.entities.import,chronicle.events.validateQuery,chronicle.iocState.get,,chronicle.featuredContentSearchQueries.list
chronicle.entities.list,chronicle.featuredContentNativeDashboards.get,chronicle.iocs.batchGet,,chronicle.feedPacks.get
chronicle.entities.modifyEntityRiskScore,chronicle.featuredContentNativeDashboards.install,chronicle.iocs.findFirstAndLastSeen,,chronicle.feedPacks.list
chronicle.entities.queryEntityRiskScoreModifications,chronicle.featuredContentNativeDashboards.list,chronicle.iocs.get,,chronicle.feedServiceAccounts.fetch
chronicle.entities.searchEntities,chronicle.featuredContentRules.list,chronicle.iocs.searchCuratedDetectionsForIoc,,chronicle.feedSourceTypeSchemas.list
chronicle.entities.summarize,chronicle.featuredContentSearchQueries.get,chronicle.legacies.legacyBatchGetCases,,chronicle.feeds.get
chronicle.entities.summarizeFromQuery,chronicle.featuredContentSearchQueries.install,chronicle.legacies.legacyBatchGetCollections,,chronicle.feeds.list
chronicle.entityRiskScores.queryEntityRiskScores,chronicle.featuredContentSearchQueries.list,chronicle.legacies.legacyFetchAlertsView,,chronicle.findingsGraphs.exploreNode
chronicle.errorNotificationConfigs.create,chronicle.feedPacks.get,chronicle.legacies.legacyFetchUdmSearchCsv,,chronicle.findingsGraphs.initializeGraph
chronicle.errorNotificationConfigs.delete,chronicle.feedPacks.list,chronicle.legacies.legacyFetchUdmSearchView,,chronicle.findingsRefinementDeployments.get
chronicle.errorNotificationConfigs.get,chronicle.findingsGraphs.exploreNode,chronicle.legacies.legacyFindAssetEvents,,chronicle.findingsRefinementDeployments.list
chronicle.errorNotificationConfigs.list,chronicle.findingsGraphs.initializeGraph,chronicle.legacies.legacyFindRawLogs,,chronicle.findingsRefinementDeployments.update
chronicle.errorNotificationConfigs.update,chronicle.findingsRefinementDeployments.get,chronicle.legacies.legacyFindUdmEvents,,chronicle.findingsRefinements.computeActivity
chronicle.events.batchGet,chronicle.findingsRefinementDeployments.list,chronicle.legacies.legacyGetAlert,,chronicle.findingsRefinements.computeAllActivities
chronicle.events.findUdmFieldValues,chronicle.findingsRefinementDeployments.update,chronicle.legacies.legacyGetCuratedRulesTrends,,chronicle.findingsRefinements.get
chronicle.events.get,chronicle.findingsRefinements.computeActivity,chronicle.legacies.legacyGetDetection,,chronicle.findingsRefinements.list
chronicle.events.import,chronicle.findingsRefinements.computeAllActivities,chronicle.legacies.legacyGetEventForDetection,,chronicle.findingsRefinements.test
chronicle.events.queryProductSourceStats,chronicle.findingsRefinements.create,chronicle.legacies.legacyGetRuleCounts,,chronicle.forwarders.get
chronicle.events.searchRawLogs,chronicle.findingsRefinements.get,chronicle.legacies.legacyGetRulesTrends,,chronicle.forwarders.list
chronicle.events.udmSearch,chronicle.findingsRefinements.list,chronicle.legacies.legacyRunTestRule,,chronicle.globalDataAccessScopes.permit
chronicle.events.validateQuery,chronicle.findingsRefinements.test,chronicle.legacies.legacySearchArtifactEvents,,chronicle.ingestionLogLabels.get
chronicle.extensionValidationReports.get,chronicle.findingsRefinements.update,chronicle.legacies.legacySearchArtifactIoCDetails,,chronicle.ingestionLogLabels.list
chronicle.extensionValidationReports.list,chronicle.forwarders.generate,chronicle.legacies.legacySearchAssetEvents,,chronicle.ingestionLogNamespaces.get
chronicle.featuredContentNativeDashboards.get,chronicle.forwarders.get,chronicle.legacies.legacySearchCuratedDetections,,chronicle.ingestionLogNamespaces.list
chronicle.featuredContentNativeDashboards.install,chronicle.forwarders.list,chronicle.legacies.legacySearchCustomerStats,,chronicle.instances.get
chronicle.featuredContentNativeDashboards.list,chronicle.globalDataAccessScopes.permit,chronicle.legacies.legacySearchDetections,,chronicle.instances.logTypeClassifier
chronicle.featuredContentRules.list,chronicle.ingestionLogLabels.get,chronicle.legacies.legacySearchDomainsRecentlyRegistered,,chronicle.instances.report
chronicle.featuredContentSearchQueries.get,chronicle.ingestionLogLabels.list,chronicle.legacies.legacySearchDomainsTimingStats,,chronicle.iocAssociations.batchGet
chronicle.featuredContentSearchQueries.install,chronicle.ingestionLogNamespaces.get,chronicle.legacies.legacySearchEnterpriseWideAlerts,,chronicle.iocAssociations.fetchRelatedIocAssociations
chronicle.featuredContentSearchQueries.list,chronicle.ingestionLogNamespaces.list,chronicle.legacies.legacySearchEnterpriseWideIoCs,,chronicle.iocAssociations.fetchRelatedThreatCollections
chronicle.feedPacks.get,chronicle.instances.generateCollectionAgentAuth,chronicle.legacies.legacySearchFindings,,chronicle.iocAssociations.get
chronicle.feedPacks.list,chronicle.instances.generateSoarAuthJwt,chronicle.legacies.legacySearchIngestionStats,,chronicle.iocMatches.get
chronicle.feedServiceAccounts.fetch,chronicle.instances.get,chronicle.legacies.legacySearchIoCInsights,,chronicle.iocMatches.list
chronicle.feedSourceTypeSchemas.list,chronicle.instances.logTypeClassifier,chronicle.legacies.legacySearchRawLogs,,chronicle.iocState.get
chronicle.feeds.create,chronicle.instances.report,chronicle.legacies.legacySearchRuleDetectionCountBuckets,,chronicle.iocState.update
chronicle.feeds.delete,chronicle.iocAssociations.batchGet,chronicle.legacies.legacySearchRuleDetectionEvents,,chronicle.iocs.batchGet
chronicle.feeds.disable,chronicle.iocAssociations.fetchRelatedIocAssociations,chronicle.legacies.legacySearchRuleResults,,chronicle.iocs.findFirstAndLastSeen
chronicle.feeds.enable,chronicle.iocAssociations.fetchRelatedThreatCollections,chronicle.legacies.legacySearchRulesAlerts,,chronicle.iocs.get
chronicle.feeds.generateSecret,chronicle.iocAssociations.get,chronicle.legacies.legacySearchUserEvents,,chronicle.iocs.searchCuratedDetectionsForIoc
chronicle.feeds.get,chronicle.iocMatches.get,chronicle.legacies.legacyStreamDetectionAlerts,,chronicle.legacies.legacyBatchGetCases
chronicle.feeds.list,chronicle.iocMatches.list,chronicle.legacies.legacyTestRuleStreaming,,chronicle.legacies.legacyBatchGetCollections
chronicle.feeds.update,chronicle.iocState.get,chronicle.logTypeSchemas.list,,chronicle.legacies.legacyFetchAlertsView
chronicle.findingsGraphs.exploreNode,chronicle.iocState.update,chronicle.logs.export,,chronicle.legacies.legacyFetchUdmSearchCsv
chronicle.findingsGraphs.initializeGraph,chronicle.iocs.batchGet,chronicle.logs.get,,chronicle.legacies.legacyFetchUdmSearchView
chronicle.findingsRefinementDeployments.get,chronicle.iocs.findFirstAndLastSeen,chronicle.logs.list,,chronicle.legacies.legacyFindAssetEvents
chronicle.findingsRefinementDeployments.list,chronicle.iocs.get,chronicle.messages.get,,chronicle.legacies.legacyFindRawLogs
chronicle.findingsRefinementDeployments.update,chronicle.iocs.searchCuratedDetectionsForIoc,chronicle.messages.list,,chronicle.legacies.legacyFindUdmEvents
chronicle.findingsRefinements.computeActivity,chronicle.legacies.legacyBatchGetCases,chronicle.multitenantDirectories.get,,chronicle.legacies.legacyGetAlert
chronicle.findingsRefinements.computeAllActivities,chronicle.legacies.legacyBatchGetCollections,chronicle.nativeDashboards.get,,chronicle.legacies.legacyGetCuratedRulesTrends
chronicle.findingsRefinements.create,chronicle.legacies.legacyFetchAlertsView,chronicle.nativeDashboards.list,,chronicle.legacies.legacyGetDetection
chronicle.findingsRefinements.get,chronicle.legacies.legacyFetchUdmSearchCsv,chronicle.operations.get,,chronicle.legacies.legacyGetEventForDetection
chronicle.findingsRefinements.list,chronicle.legacies.legacyFetchUdmSearchView,chronicle.operations.list,,chronicle.legacies.legacyGetRuleCounts
chronicle.findingsRefinements.test,chronicle.legacies.legacyFindAssetEvents,chronicle.operations.streamSearch,,chronicle.legacies.legacyGetRulesTrends
chronicle.findingsRefinements.update,chronicle.legacies.legacyFindRawLogs,chronicle.operations.wait,,chronicle.legacies.legacyRunTestRule
chronicle.forwarders.create,chronicle.legacies.legacyFindUdmEvents,chronicle.preferenceSets.get,,chronicle.legacies.legacySearchArtifactEvents
chronicle.forwarders.delete,chronicle.legacies.legacyGetAlert,chronicle.preferenceSets.update,,chronicle.legacies.legacySearchArtifactIoCDetails
chronicle.forwarders.generate,chronicle.legacies.legacyGetCuratedRulesTrends,chronicle.referenceLists.get,,chronicle.legacies.legacySearchAssetEvents
chronicle.forwarders.get,chronicle.legacies.legacyGetDetection,chronicle.referenceLists.list,,chronicle.legacies.legacySearchCuratedDetections
chronicle.forwarders.list,chronicle.legacies.legacyGetEventForDetection,chronicle.referenceLists.verifyReferenceList,,chronicle.legacies.legacySearchCustomerStats
chronicle.forwarders.update,chronicle.legacies.legacyGetRuleCounts,chronicle.retrohunts.get,,chronicle.legacies.legacySearchDetections
chronicle.globalDataAccessScopes.permit,chronicle.legacies.legacyGetRulesTrends,chronicle.retrohunts.list,,chronicle.legacies.legacySearchDomainsRecentlyRegistered
chronicle.ingestionLogLabels.get,chronicle.legacies.legacyRunTestRule,chronicle.riskConfigs.get,,chronicle.legacies.legacySearchDomainsTimingStats
chronicle.ingestionLogLabels.list,chronicle.legacies.legacySearchArtifactEvents,chronicle.ruleDeployments.get,,chronicle.legacies.legacySearchEnterpriseWideAlerts
chronicle.ingestionLogNamespaces.get,chronicle.legacies.legacySearchArtifactIoCDetails,chronicle.ruleDeployments.list,,chronicle.legacies.legacySearchEnterpriseWideIoCs
chronicle.ingestionLogNamespaces.list,chronicle.legacies.legacySearchAssetEvents,chronicle.ruleExecutionErrors.list,,chronicle.legacies.legacySearchFindings
chronicle.instances.generateCollectionAgentAuth,chronicle.legacies.legacySearchCuratedDetections,chronicle.rules.get,,chronicle.legacies.legacySearchIngestionStats
chronicle.instances.generateSoarAuthJwt,chronicle.legacies.legacySearchCustomerStats,chronicle.rules.list,,chronicle.legacies.legacySearchIoCInsights
chronicle.instances.generateWorkspaceConnectionToken,chronicle.legacies.legacySearchDetections,chronicle.rules.listRevisions,,chronicle.legacies.legacySearchRawLogs
chronicle.instances.get,chronicle.legacies.legacySearchDomainsRecentlyRegistered,chronicle.rules.verifyRuleText,,chronicle.legacies.legacySearchRuleDetectionCountBuckets
chronicle.instances.graduatePocInstance,chronicle.legacies.legacySearchDomainsTimingStats,chronicle.searchQueries.create,,chronicle.legacies.legacySearchRuleDetectionEvents
chronicle.instances.logTypeClassifier,chronicle.legacies.legacySearchEnterpriseWideAlerts,chronicle.searchQueries.delete,,chronicle.legacies.legacySearchRuleResults
chronicle.instances.report,chronicle.legacies.legacySearchEnterpriseWideIoCs,chronicle.searchQueries.get,,chronicle.legacies.legacySearchRulesAlerts
chronicle.instances.update,chronicle.legacies.legacySearchFindings,chronicle.searchQueries.list,,chronicle.legacies.legacySearchUserEvents
chronicle.instances.verifyNonce,chronicle.legacies.legacySearchIngestionStats,chronicle.searchQueries.update,,chronicle.legacies.legacyStreamDetectionAlerts
chronicle.iocAssociations.batchGet,chronicle.legacies.legacySearchIoCInsights,chronicle.threatCollectionFilterSet.get,,chronicle.legacies.legacyTestRuleStreaming
chronicle.iocAssociations.fetchRelatedIocAssociations,chronicle.legacies.legacySearchRawLogs,chronicle.threatCollections.fetchIocMatchMetadata,,chronicle.legacies.legacyUpdateAlert
chronicle.iocAssociations.fetchRelatedThreatCollections,chronicle.legacies.legacySearchRuleDetectionCountBuckets,chronicle.threatCollections.fetchRuleMetadata,,chronicle.logTypeSchemas.list
chronicle.iocAssociations.get,chronicle.legacies.legacySearchRuleDetectionEvents,chronicle.threatCollections.get,,chronicle.logTypeSettings.get
chronicle.iocMatches.get,chronicle.legacies.legacySearchRuleResults,chronicle.threatCollections.list,,chronicle.logTypeSettings.list
chronicle.iocMatches.list,chronicle.legacies.legacySearchRulesAlerts,chronicle.watchlists.get,,chronicle.logTypes.get
chronicle.iocState.get,chronicle.legacies.legacySearchUserEvents,chronicle.watchlists.list,,chronicle.logTypes.list
chronicle.iocState.update,chronicle.legacies.legacyStreamDetectionAlerts,resourcemanager.projects.get,,chronicle.logs.export
chronicle.iocs.batchGet,chronicle.legacies.legacyTestRuleStreaming,resourcemanager.projects.list,,chronicle.logs.get
chronicle.iocs.findFirstAndLastSeen,chronicle.legacies.legacyUpdateAlert,,,chronicle.logs.import
chronicle.iocs.get,chronicle.logTypeSchemas.list,,,chronicle.logs.list
chronicle.iocs.searchCuratedDetectionsForIoc,chronicle.logs.export,,,chronicle.messages.create
chronicle.legacies.legacyBatchGetCases,chronicle.logs.get,,,chronicle.messages.delete
chronicle.legacies.legacyBatchGetCollections,chronicle.logs.import,,,chronicle.messages.get
chronicle.legacies.legacyFetchAlertsView,chronicle.logs.list,,,chronicle.messages.list
chronicle.legacies.legacyFetchUdmSearchCsv,chronicle.messages.create,,,chronicle.messages.update
chronicle.legacies.legacyFetchUdmSearchView,chronicle.messages.delete,,,chronicle.multitenantDirectories.get
chronicle.legacies.legacyFindAssetEvents,chronicle.messages.get,,,chronicle.nativeDashboards.create
chronicle.legacies.legacyFindRawLogs,chronicle.messages.list,,,chronicle.nativeDashboards.delete
chronicle.legacies.legacyFindUdmEvents,chronicle.messages.update,,,chronicle.nativeDashboards.duplicate
chronicle.legacies.legacyGetAlert,chronicle.multitenantDirectories.get,,,chronicle.nativeDashboards.get
chronicle.legacies.legacyGetCuratedRulesTrends,chronicle.nativeDashboards.create,,,chronicle.nativeDashboards.list
chronicle.legacies.legacyGetDetection,chronicle.nativeDashboards.delete,,,chronicle.nativeDashboards.update
chronicle.legacies.legacyGetEventForDetection,chronicle.nativeDashboards.duplicate,,,chronicle.operations.get
chronicle.legacies.legacyGetRuleCounts,chronicle.nativeDashboards.get,,,chronicle.operations.list
chronicle.legacies.legacyGetRulesTrends,chronicle.nativeDashboards.list,,,chronicle.operations.streamSearch
chronicle.legacies.legacyRunTestRule,chronicle.nativeDashboards.update,,,chronicle.operations.wait
chronicle.legacies.legacySearchArtifactEvents,chronicle.operations.cancel,,,chronicle.parserExtensions.generateKeyValueMappings
chronicle.legacies.legacySearchArtifactIoCDetails,chronicle.operations.delete,,,chronicle.parserExtensions.get
chronicle.legacies.legacySearchAssetEvents,chronicle.operations.get,,,chronicle.parserExtensions.legacySubmitParserExtension
chronicle.legacies.legacySearchCuratedDetections,chronicle.operations.list,,,chronicle.parserExtensions.list
chronicle.legacies.legacySearchCustomerStats,chronicle.operations.streamSearch,,,chronicle.parsers.generateEventTypesSuggestions
chronicle.legacies.legacySearchDetections,chronicle.operations.wait,,,chronicle.parsers.get
chronicle.legacies.legacySearchDomainsRecentlyRegistered,chronicle.preferenceSets.get,,,chronicle.parsers.list
chronicle.legacies.legacySearchDomainsTimingStats,chronicle.preferenceSets.update,,,chronicle.parsers.runParser
chronicle.legacies.legacySearchEnterpriseWideAlerts,chronicle.referenceLists.create,,,chronicle.parsingErrors.list
chronicle.legacies.legacySearchEnterpriseWideIoCs,chronicle.referenceLists.get,,,chronicle.preferenceSets.get
chronicle.legacies.legacySearchFindings,chronicle.referenceLists.list,,,chronicle.preferenceSets.update
chronicle.legacies.legacySearchIngestionStats,chronicle.referenceLists.update,,,chronicle.referenceLists.create
chronicle.legacies.legacySearchIoCInsights,chronicle.referenceLists.verifyReferenceList,,,chronicle.referenceLists.get
chronicle.legacies.legacySearchRawLogs,chronicle.retrohunts.create,,,chronicle.referenceLists.list
chronicle.legacies.legacySearchRuleDetectionCountBuckets,chronicle.retrohunts.get,,,chronicle.referenceLists.update
chronicle.legacies.legacySearchRuleDetectionEvents,chronicle.retrohunts.list,,,chronicle.referenceLists.verifyReferenceList
chronicle.legacies.legacySearchRuleResults,chronicle.riskConfigs.get,,,chronicle.retrohunts.create
chronicle.legacies.legacySearchRulesAlerts,chronicle.riskConfigs.update,,,chronicle.retrohunts.get
chronicle.legacies.legacySearchUserEvents,chronicle.ruleDeployments.get,,,chronicle.retrohunts.list
chronicle.legacies.legacyStreamDetectionAlerts,chronicle.ruleDeployments.list,,,chronicle.riskConfigs.get
chronicle.legacies.legacyTestRuleStreaming,chronicle.ruleDeployments.update,,,chronicle.riskConfigs.update
chronicle.legacies.legacyUpdateAlert,chronicle.ruleExecutionErrors.list,,,chronicle.ruleDeployments.get
chronicle.logTypeSchemas.list,chronicle.rules.create,,,chronicle.ruleDeployments.list
chronicle.logTypeSettings.get,chronicle.rules.get,,,chronicle.ruleExecutionErrors.list
chronicle.logTypeSettings.list,chronicle.rules.list,,,chronicle.rules.create
chronicle.logTypeSettings.update,chronicle.rules.listRevisions,,,chronicle.rules.delete
chronicle.logTypes.create,chronicle.rules.update,,,chronicle.rules.get
chronicle.logTypes.get,chronicle.rules.verifyRuleText,,,chronicle.rules.list
chronicle.logTypes.list,chronicle.searchQueries.create,,,chronicle.rules.listRevisions
chronicle.logTypes.update,chronicle.searchQueries.delete,,,chronicle.rules.update
chronicle.logs.export,chronicle.searchQueries.get,,,chronicle.rules.verifyRuleText
chronicle.logs.get,chronicle.searchQueries.list,,,chronicle.searchQueries.create
chronicle.logs.import,chronicle.searchQueries.update,,,chronicle.searchQueries.delete
chronicle.logs.list,chronicle.threatCollectionFilterSet.get,,,chronicle.searchQueries.get
chronicle.messages.create,chronicle.threatCollections.fetchIocMatchMetadata,,,chronicle.searchQueries.list
chronicle.messages.delete,chronicle.threatCollections.fetchRuleMetadata,,,chronicle.searchQueries.update
chronicle.messages.get,chronicle.threatCollections.get,,,chronicle.threatCollectionFilterSet.get
chronicle.messages.list,chronicle.threatCollections.list,,,chronicle.threatCollections.fetchIocMatchMetadata
chronicle.messages.update,chronicle.watchlists.create,,,chronicle.threatCollections.fetchRuleMetadata
chronicle.multitenantDirectories.get,chronicle.watchlists.delete,,,chronicle.threatCollections.get
chronicle.nativeDashboards.create,chronicle.watchlists.get,,,chronicle.threatCollections.list
chronicle.nativeDashboards.delete,chronicle.watchlists.list,,,chronicle.validationErrors.list
chronicle.nativeDashboards.duplicate,chronicle.watchlists.update,,,chronicle.validationReports.get
chronicle.nativeDashboards.get,resourcemanager.projects.get,,,chronicle.watchlists.create
chronicle.nativeDashboards.list,resourcemanager.projects.list,,,chronicle.watchlists.delete
chronicle.nativeDashboards.update,,,,chronicle.watchlists.get
chronicle.operations.cancel,,,,chronicle.watchlists.list
chronicle.operations.delete,,,,chronicle.watchlists.update
chronicle.operations.get,,,,resourcemanager.projects.get
chronicle.operations.list,,,,resourcemanager.projects.list
chronicle.operations.streamSearch,,,,
chronicle.operations.wait,,,,
chronicle.parserExtensions.activate,,,,
chronicle.parserExtensions.create,,,,
chronicle.parserExtensions.delete,,,,
chronicle.parserExtensions.generateKeyValueMappings,,,,
chronicle.parserExtensions.get,,,,
chronicle.parserExtensions.legacySubmitParserExtension,,,,
chronicle.parserExtensions.list,,,,
chronicle.parserExtensions.removeSyslog,,,,
chronicle.parsers.activate,,,,
chronicle.parsers.activateReleaseCandidate,,,,
chronicle.parsers.copyPrebuiltParser,,,,
chronicle.parsers.create,,,,
chronicle.parsers.deactivate,,,,
chronicle.parsers.delete,,,,
chronicle.parsers.generateEventTypesSuggestions,,,,
chronicle.parsers.get,,,,
chronicle.parsers.list,,,,
chronicle.parsers.runParser,,,,
chronicle.parsingErrors.list,,,,
chronicle.preferenceSets.get,,,,
chronicle.preferenceSets.update,,,,
chronicle.referenceLists.create,,,,
chronicle.referenceLists.get,,,,
chronicle.referenceLists.list,,,,
chronicle.referenceLists.update,,,,
chronicle.referenceLists.verifyReferenceList,,,,
chronicle.retrohunts.create,,,,
chronicle.retrohunts.get,,,,
chronicle.retrohunts.list,,,,
chronicle.riskConfigs.get,,,,
chronicle.riskConfigs.update,,,,
chronicle.ruleDeployments.get,,,,
chronicle.ruleDeployments.list,,,,
chronicle.ruleDeployments.update,,,,
chronicle.ruleExecutionErrors.list,,,,
chronicle.rules.create,,,,
chronicle.rules.delete,,,,
chronicle.rules.get,,,,
chronicle.rules.list,,,,
chronicle.rules.listRevisions,,,,
chronicle.rules.update,,,,
chronicle.rules.verifyRuleText,,,,
chronicle.searchQueries.create,,,,
chronicle.searchQueries.delete,,,,
chronicle.searchQueries.get,,,,
chronicle.searchQueries.list,,,,
chronicle.searchQueries.update,,,,
chronicle.threatCollectionFilterSet.get,,,,
chronicle.threatCollections.fetchIocMatchMetadata,,,,
chronicle.threatCollections.fetchRuleMetadata,,,,
chronicle.threatCollections.get,,,,
chronicle.threatCollections.list,,,,
chronicle.validationErrors.list,,,,
chronicle.validationReports.get,,,,
chronicle.watchlists.create,,,,
chronicle.watchlists.delete,,,,
chronicle.watchlists.get,,,,
chronicle.watchlists.list,,,,
chronicle.watchlists.update,,,,
resourcemanager.projects.get,,,,
resourcemanager.projects.list,,,,